"episode","score","train_step"
"0","1400.0","752764"
"1","1400.0","754328"
"2","0.0","756346"
"3","1400.0","759187"
"4","1400.0","761491"
"5","5800.0","772509"
"6","1500.0","785361"
"7","100.0","787186"
"8","0.0","787484"
"9","1400.0","788273"
"10","400.0","788893"
"11","2400.0","795913"
"12","0.0","797381"
"13","0.0","798337"
"14","100.0","799154"
"15","1400.0","800573"
"16","1400.0","802157"
"17","3400.0","823982"
"18","400.0","825677"
"19","2800.0","840992"
"20","400.0","864731"
"21","400.0","865318"
"22","1400.0","868086"
"23","400.0","868445"
"24","0.0","868989"
"25","0.0","869750"
"26","1400.0","870586"
"27","400.0","871126"
"28","400.0","871886"
"29","1400.0","873309"
"30","2500.0","882590"
"31","2400.0","895399"
"32","400.0","895884"
"33","1400.0","897459"
"34","2400.0","905674"
"35","1400.0","907542"
"36","2400.0","909558"
"37","2800.0","912576"
"38","2400.0","919070"
"39","1500.0","925398"
"40","1400.0","926237"
"41","1500.0","933873"
"42","1400.0","935376"
"43","2400.0","936465"
"44","400.0","937145"
"45","1400.0","938304"
"46","1400.0","942504"
"47","2400.0","943628"
"48","1500.0","953731"
"49","1400.0","954922"
"50","2400.0","955826"
"51","1500.0","958014"
"52","1500.0","968932"
"53","2400.0","971466"
"54","1400.0","972299"
"55","1400.0","974467"
"56","2400.0","978154"
"57","1400.0","978907"
"58","1400.0","979485"
"59","2400.0","980446"
"60","1400.0","981703"
"61","3400.0","988328"
"62","2400.0","989963"
"63","2400.0","991792"
"64","2400.0","992849"
"65","1400.0","994584"
"66","1400.0","995685"
"67","2400.0","997026"
"68","2400.0","997900"
"69","2400.0","999117"
"70","2400.0","1000014"
"71","2400.0","1001283"
"72","2400.0","1005059"
"73","2400.0","1005676"
"74","2400.0","1006354"
"75","2400.0","1007158"
"76","3400.0","1009820"
"77","2400.0","1011257"
"78","2400.0","1013626"
"79","2400.0","1014255"
"80","2400.0","1015152"
"81","2400.0","1021158"
"82","1400.0","1021965"
"83","1400.0","1022516"
"84","2400.0","1023671"
"85","1400.0","1024352"
"86","2400.0","1026177"
"87","400.0","1026611"
"88","1400.0","1027476"
"89","2400.0","1028373"
"90","3400.0","1031994"
"91","3400.0","1035003"
"92","2400.0","1085004"
"93","1400.0","1086648"
"94","2400.0","1093597"
"95","3400.0","1095234"
"96","1400.0","1097088"
"97","2400.0","1098465"
"98","400.0","1099364"
"99","1400.0","1100130"
"100","2400.0","1101036"
"101","2400.0","1106770"
"102","3400.0","1108403"
"103","2400.0","1140190"
"104","2400.0","1141599"
"105","1400.0","1142943"
"106","1400.0","1144957"
"107","1400.0","1148053"
"108","2400.0","1198054"
"109","2400.0","1198952"
"110","1500.0","1202215"
"111","1400.0","1202842"
"112","1400.0","1203402"
"113","1400.0","1204160"
"114","1400.0","1206275"
"115","2400.0","1256276"
"116","2400.0","1257681"
"117","3400.0","1260434"
"118","1400.0","1262649"
"119","1400.0","1263249"
"120","1400.0","1264260"
"121","2800.0","1269380"
"122","2400.0","1270053"
"123","2400.0","1271174"
"124","2400.0","1271791"
"125","1400.0","1273823"
"126","3400.0","1275072"
"127","1400.0","1275559"
"128","2400.0","1276296"
"129","1400.0","1277230"
"130","2400.0","1277840"
"131","2400.0","1280337"
"132","2400.0","1289683"
"133","2400.0","1293588"
"134","1400.0","1294159"
"135","2400.0","1294992"
"136","2400.0","1295601"
"137","1400.0","1296458"
"138","2400.0","1298219"
"139","2400.0","1300812"
"140","2400.0","1301865"
"141","2400.0","1302730"
"142","2400.0","1303403"
"143","2400.0","1304012"
"144","3400.0","1304911"
"145","1400.0","1306043"
"146","2400.0","1307260"
"147","1400.0","1308999"
"148","1400.0","1309514"
"149","1400.0","1309877"
"150","2400.0","1310390"
"151","2400.0","1311000"
"152","2400.0","1311673"
"153","1400.0","1356498"
"154","2400.0","1357849"
"155","100.0","1358488"
"156","1400.0","1358981"
"157","1400.0","1359701"
"158","400.0","1360476"
"159","2400.0","1361533"
"160","1400.0","1362082"
"161","2400.0","1362791"
"162","2400.0","1363340"
"163","2400.0","1363917"
"164","1400.0","1364532"
"165","2400.0","1365469"
"166","2400.0","1366046"
"167","1400.0","1366661"
"168","2400.0","1367278"
"169","2400.0","1367919"
"170","2400.0","1368624"
"171","2400.0","1369329"
"172","1400.0","1370907"
"173","400.0","1371343"
"174","1400.0","1372659"
"175","2400.0","1376035"
"176","1400.0","1376668"
"177","1400.0","1377446"
"178","1400.0","1379017"
"179","1400.0","1379617"
"180","2400.0","1380871"
"181","2400.0","1381512"
"182","2400.0","1382185"
"183","2400.0","1382827"
"184","2400.0","1385908"
"185","2400.0","1388789"
"186","2400.0","1389494"
"187","1400.0","1390734"
"188","2400.0","1391439"
"189","2400.0","1392144"
"190","1400.0","1392627"
"191","1400.0","1393290"
"192","2400.0","1394254"
"193","2400.0","1394962"
"194","3400.0","1395796"
"195","2400.0","1396469"
"196","1400.0","1397183"
"197","2400.0","1397728"
"198","2400.0","1398273"
"199","2400.0","1398850"
"200","2400.0","1399625"
"201","2400.0","1400202"
"202","2400.0","1400819"
"203","2400.0","1401432"
"204","2400.0","1402137"
"205","2400.0","1402714"
"206","2400.0","1404064"
"207","2400.0","1407177"
"208","2400.0","1408142"
"209","1400.0","1408779"
"210","2400.0","1409484"
"211","2800.0","1412789"
"212","2400.0","1417785"
"213","2400.0","1418746"
"214","2400.0","1419803"
"215","2400.0","1420606"
"216","3400.0","1422499"
"217","2400.0","1429765"
"218","2400.0","1430380"
"219","2400.0","1431311"
"220","2400.0","1431955"
"221","2400.0","1433174"
"222","2400.0","1434128"
"223","1400.0","1434606"
"224","2400.0","1436327"
"225","2400.0","1436968"
"226","2400.0","1437868"
"227","2400.0","1438509"
"228","2400.0","1439153"
"229","2400.0","1441210"
"230","1400.0","1442001"
"231","2400.0","1443159"
"232","2400.0","1447736"
"233","1400.0","1448195"
"234","2400.0","1449577"
"235","1400.0","1450035"
"236","400.0","1450556"
"237","2400.0","1451167"
"238","2400.0","1452232"
"239","2400.0","1452881"
"240","1400.0","1454784"
"241","2400.0","1455619"
"242","2400.0","1457261"
"243","2400.0","1458062"
"244","2400.0","1458863"
"245","2400.0","1462224"
"246","1400.0","1462743"
"247","1400.0","1463975"
"248","3400.0","1465192"
"249","2400.0","1465959"
"250","2400.0","1473286"
"251","2400.0","1473999"
"252","1400.0","1474539"
"253","1400.0","1477809"
"254","1400.0","1478751"
"255","2400.0","1479336"
"256","2400.0","1529337"
"257","1400.0","1530411"
"258","2400.0","1580412"
"259","2400.0","1580961"
"260","2400.0","1581993"
"261","2400.0","1582574"
"262","2400.0","1583591"
"263","2400.0","1584335"
"264","1400.0","1585278"
"265","400.0","1585621"
"266","1400.0","1586533"
"267","2400.0","1587430"
"268","1400.0","1587916"
"269","2400.0","1588495"
"270","2400.0","1589396"
"271","1400.0","1589831"
"272","2400.0","1590350"
"273","2400.0","1590895"
"274","1400.0","1591363"
"275","2400.0","1591915"
"276","1400.0","1592908"
"277","1400.0","1593389"
"278","2400.0","1593975"
"279","1400.0","1594917"
"280","1400.0","1595669"
"281","2400.0","1596342"
"282","1400.0","1597706"
"283","1400.0","1598637"
"284","1400.0","1599469"
"285","1400.0","1600213"
"286","1400.0","1600858"
"287","2400.0","1601470"
"288","1400.0","1602250"
"289","2400.0","1602891"
"290","2400.0","1604014"
"291","2400.0","1604559"
"292","1400.0","1605014"
"293","2400.0","1605722"
"294","1400.0","1606749"
"295","2400.0","1607806"
"296","2400.0","1608511"
"297","2400.0","1609860"
"298","2400.0","1610765"
"299","2400.0","1611758"
"300","2400.0","1612760"
"301","1400.0","1613331"
"302","2400.0","1614423"
"303","2400.0","1615360"
"304","2400.0","1616059"
"305","2400.0","1616604"
"306","1400.0","1617425"
"307","1400.0","1617984"
"308","2400.0","1618689"
"309","2400.0","1619234"
"310","2400.0","1620006"
"311","3400.0","1620747"
"312","2400.0","1621576"
"313","1400.0","1622089"
"314","2400.0","1622643"
"315","2400.0","1623382"
"316","2400.0","1623902"
"317","1400.0","1624430"
"318","2400.0","1624975"
"319","1400.0","1625646"
"320","2400.0","1626255"
"321","1400.0","1626755"
"322","1400.0","1627686"
"323","2400.0","1628359"
"324","2400.0","1629163"
"325","1400.0","1629653"
"326","2400.0","1630262"
"327","2400.0","1631003"
"328","2400.0","1631781"
"329","2400.0","1632399"
"330","2400.0","1633072"
"331","2400.0","1633970"
"332","1400.0","1636504"
"333","2400.0","1637085"
"334","2400.0","1637950"
"335","2400.0","1638497"
"336","1400.0","1639338"
"337","2400.0","1639948"
"338","2400.0","1640630"
"339","2400.0","1641177"
"340","2400.0","1641950"
"341","2400.0","1642504"
"342","2400.0","1681678"
"343","2400.0","1682447"
"344","1400.0","1684134"
"345","2800.0","1685777"
"346","2400.0","1687349"
"347","2400.0","1688504"
"348","1400.0","1689044"
"349","2400.0","1690041"
"350","1400.0","1690594"
"351","2400.0","1691367"
"352","1400.0","1691857"
"353","2400.0","1692594"
"354","2400.0","1693139"
"355","2400.0","1693748"
"356","2400.0","1694296"
"357","2400.0","1695289"
"358","1400.0","1695878"
"359","1400.0","1696749"
"360","2400.0","1697486"
"361","3400.0","1698866"
"362","1400.0","1699620"
"363","2400.0","1700199"
"364","1400.0","1701135"
"365","1400.0","1701635"
"366","1400.0","1702816"
"367","2400.0","1703393"
"368","3400.0","1704484"
"369","3400.0","1705386"
"370","2400.0","1706123"
"371","3400.0","1711565"
"372","3400.0","1713553"
"373","2400.0","1763554"
"374","1400.0","1778441"
"375","1400.0","1778995"
"376","3400.0","1779988"
"377","2400.0","1780793"
"378","2400.0","1781467"
"379","2400.0","1782113"
"380","400.0","1782504"
"381","2400.0","1783244"
"382","2400.0","1783821"
"383","1400.0","1784542"
"384","2400.0","1787135"
"385","2400.0","1787872"
"386","2400.0","1788615"
"387","1400.0","1789168"
"388","2400.0","1789973"
"389","2400.0","1791324"
"390","2400.0","1791997"
"391","1400.0","1821548"
"392","2400.0","1822314"
"393","2400.0","1822962"
"394","2400.0","1824184"
"395","2400.0","1824735"
"396","2400.0","1825504"
"397","2400.0","1826151"
"398","2400.0","1826698"
"399","1400.0","1868862"
"400","3400.0","1869666"
"401","1400.0","1870707"
"402","2400.0","1871476"
"403","2400.0","1872213"
"404","3400.0","1873119"
"405","1400.0","1873735"
"406","2400.0","1875816"
"407","1400.0","1877137"
"408","1400.0","1880055"
"409","3400.0","1881048"
"410","1400.0","1882390"
"411","1500.0","1932391"
"412","2400.0","1933038"
"413","3400.0","1933844"
"414","2400.0","1934677"
"415","2400.0","1935228"
"416","3600.0","1985229"
"417","2400.0","1985809"
"418","2400.0","1986707"
"419","1400.0","1987244"
"420","2400.0","1988216"
"421","1400.0","2011582"
"422","2400.0","2012773"
"423","2400.0","2013544"
"424","2400.0","2014539"
"425","3400.0","2017680"
"426","2400.0","2018865"
"427","400.0","2019326"
"428","1400.0","2020367"
"429","2400.0","2022435"
"430","2400.0","2023405"
"431","3400.0","2040079"
"432","2400.0","2040836"
"433","2400.0","2041413"
"434","2400.0","2042183"
"435","3400.0","2043080"
"436","2400.0","2043753"
"437","2400.0","2044522"
"438","2400.0","2045131"
"439","3600.0","2050031"
"440","2400.0","2050578"
"441","1400.0","2051600"
"442","1400.0","2052506"
"443","1400.0","2053359"
"444","2400.0","2053907"
"445","2400.0","2055286"
"446","2400.0","2055991"
"447","2400.0","2056792"
"448","3600.0","2105241"
"449","3400.0","2106012"
"450","2400.0","2106689"
"451","2400.0","2107394"
"452","1400.0","2108645"
"453","2400.0","2109446"
"454","2400.0","2110055"
"455","2400.0","2110600"
"456","2400.0","2111466"
"457","3400.0","2112333"
"458","2400.0","2112914"
"459","2400.0","2113459"
"460","3400.0","2114484"
"461","3400.0","2115162"
"462","2400.0","2115835"
"463","2400.0","2116796"
"464","2400.0","2117341"
"465","2400.0","2118016"
"466","1400.0","2118657"
"467","2400.0","2119234"
"468","2400.0","2119998"
"469","2400.0","2120639"
"470","2400.0","2121184"
"471","2400.0","2121825"
"472","3400.0","2122690"
"473","3400.0","2123493"
"474","2400.0","2124039"
"475","2400.0","2124584"
"476","2400.0","2125353"
"477","2400.0","2126029"
"478","2400.0","2126574"
"479","3400.0","2127572"
"480","3400.0","2128438"
"481","1400.0","2129902"
"482","3400.0","2130639"
"483","3400.0","2133748"
"484","3400.0","2134424"
"485","2400.0","2134969"
"486","2400.0","2135514"
"487","2400.0","2136226"
"488","1400.0","2137425"
"489","3600.0","2140180"
"490","3600.0","2145137"
"491","2400.0","2145686"
"492","2400.0","2146231"
"493","1400.0","2146747"
"494","3600.0","2156252"
"495","1400.0","2156775"
"496","3600.0","2162026"
"497","2400.0","2162667"
"498","1400.0","2163466"
"499","3400.0","2164174"
"500","2400.0","2164719"
"501","2400.0","2165296"
"502","3600.0","2170674"
"503","2400.0","2171219"
"504","3400.0","2171956"
"505","1400.0","2172649"
"506","3400.0","2176561"
"507","2400.0","2178087"
"508","2400.0","2178792"
"509","3600.0","2189581"
"510","1400.0","2199470"
"511","3600.0","2208602"
"512","2400.0","2209214"
"513","3600.0","2213215"
"514","2400.0","2214022"
"515","2400.0","2214567"
"516","3400.0","2215208"
"517","3400.0","2215885"
"518","2400.0","2216658"
"519","2400.0","2217395"
"520","2400.0","2217993"
"521","2400.0","2218734"
"522","2400.0","2219983"
"523","3400.0","2220820"
"524","2400.0","2221366"
"525","2400.0","2221947"
"526","2400.0","2222524"
"527","3400.0","2223229"
"528","3600.0","2244544"
"529","2400.0","2245297"
"530","2400.0","2245862"
"531","2400.0","2246407"
"532","3400.0","2247467"
"533","1400.0","2249012"
"534","2400.0","2249591"
"535","1400.0","2250136"
"536","1400.0","2251619"
"537","2400.0","2252196"
"538","2400.0","2252776"
"539","1400.0","2253905"
"540","1500.0","2256183"
"541","3400.0","2256920"
"542","1400.0","2257755"
"543","1400.0","2258358"
"544","2400.0","2258935"
"545","2400.0","2259832"
"546","3400.0","2260793"
"547","2400.0","2261339"
"548","2400.0","2263772"
"549","3400.0","2264701"
"550","3400.0","2265538"
"551","3600.0","2281254"
"552","1400.0","2281860"
"553","1400.0","2282697"
"554","2400.0","2283947"
"555","400.0","2284347"
"556","2400.0","2285244"
"557","2400.0","2285858"
"558","3400.0","2286627"
"559","3600.0","2304774"
"560","2400.0","2305383"
"561","3600.0","2318091"
"562","2400.0","2318636"
"563","3400.0","2319469"
"564","1400.0","2320595"
"565","3600.0","2322196"
"566","2400.0","2322969"
"567","3600.0","2324218"
"568","3600.0","2326559"
"569","2400.0","2327264"
"570","3400.0","2328068"
"571","3600.0","2330535"
"572","3600.0","2331689"
"573","1400.0","2332186"
"574","2400.0","2332893"
"575","3600.0","2334046"
"576","400.0","2334661"
"577","1400.0","2335180"
"578","3600.0","2337201"
"579","3400.0","2338226"
"580","3400.0","2338997"
"581","3400.0","2339670"
"582","2400.0","2340296"
"583","3600.0","2343017"
"584","2400.0","2343691"
"585","2400.0","2344527"
"586","2400.0","2345136"
"587","3400.0","2346228"
"588","3600.0","2348950"
"589","2400.0","2349465"
"590","2400.0","2350010"
"591","3600.0","2351997"
"592","2400.0","2352578"
"593","2400.0","2353247"
"594","1400.0","2353952"
"595","2400.0","2354503"
"596","2400.0","2355756"
"597","2400.0","2356333"
"598","2400.0","2357027"
"599","1400.0","2357451"
"600","3400.0","2358188"
"601","3600.0","2361293"
"602","3600.0","2363182"
"603","2400.0","2363829"
"604","2400.0","2364566"
"605","2400.0","2365591"
"606","2400.0","2366168"
"607","2400.0","2367773"
"608","2400.0","2368480"
"609","3600.0","2369467"
"610","1400.0","2370084"
"611","1400.0","2370603"
"612","2400.0","2371186"
"613","2400.0","2371763"
"614","3400.0","2372468"
"615","1400.0","2372953"
"616","2400.0","2373563"
"617","3600.0","2374558"
"618","2400.0","2375280"
"619","3600.0","2376369"
"620","3600.0","2377976"
"621","3600.0","2380015"
"622","1400.0","2380688"
"623","3600.0","2382676"
"624","1400.0","2407685"
"625","2400.0","2408906"
"626","3600.0","2413451"
"627","3600.0","2414319"
"628","1400.0","2415184"
"629","3600.0","2416593"
"630","3400.0","2417429"
"631","3400.0","2418172"
"632","1400.0","2418678"
"633","3600.0","2420154"
"634","3600.0","2421279"
"635","3600.0","2422664"
"636","3400.0","2424076"
"637","2400.0","2424688"
"638","3600.0","2426482"
"639","3600.0","2427705"
"640","3600.0","2428926"
"641","1400.0","2430725"
"642","2400.0","2431399"
"643","3600.0","2433067"
"644","2400.0","2433644"
"645","3600.0","2435022"
"646","3600.0","2439599"
"647","3400.0","2440304"
"648","3600.0","2441809"
"649","3400.0","2443543"
"650","3600.0","2445545"
"651","3600.0","2446698"
"652","3600.0","2447756"
"653","3600.0","2449489"
"654","2400.0","2450210"
"655","3600.0","2451947"
"656","2600.0","2453036"
"657","3600.0","2454065"
"658","3600.0","2455610"
"659","3400.0","2456351"
"660","3600.0","2457409"
"661","2400.0","2457958"
"662","3600.0","2460008"
"663","2400.0","2460649"
"664","3600.0","2461741"
"665","3400.0","2462478"
"666","1400.0","2465142"
"667","3600.0","2466105"
"668","1400.0","2466682"
"669","3400.0","2467420"
"670","3600.0","2470717"
"671","1400.0","2471213"
"672","3400.0","2472019"
"673","2400.0","2472724"
"674","2400.0","2473301"
"675","3600.0","2476215"
"676","3600.0","2478840"
"677","2400.0","2479484"
"678","1400.0","2480135"
"679","3600.0","2484715"
"680","1400.0","2485794"
"681","3600.0","2488259"
"682","3600.0","2489704"
"683","3600.0","2491049"
"684","3600.0","2492746"
"685","3600.0","2495835"
"686","2400.0","2496418"
"687","1400.0","2496960"
"688","3400.0","2497633"
"689","3600.0","2499331"
"690","1400.0","2499840"
"691","2400.0","2500417"
"692","3600.0","2501382"
"693","3600.0","2503056"
"694","2400.0","2504081"
"695","3600.0","2505558"
"696","3600.0","2506843"
"697","3600.0","2507896"
"698","1400.0","2508519"
"699","3600.0","2510248"
"700","1400.0","2512022"
"701","3600.0","2517666"
"702","1400.0","2518121"
"703","3400.0","2518827"
"704","3400.0","2519567"
"705","3600.0","2522165"
"706","3400.0","2522904"
"707","3600.0","2523993"
"708","3600.0","2525151"
"709","3600.0","2528935"
"710","3600.0","2530408"
"711","3600.0","2531473"
"712","2400.0","2532115"
"713","3600.0","2533805"
"714","1400.0","2534262"
"715","1400.0","2535229"
"716","2400.0","2535902"
"717","3600.0","2537215"
"718","1400.0","2545322"
"719","4600.0","2546828"
"720","1400.0","2547290"
"721","1400.0","2548068"
"722","3600.0","2549925"
"723","1400.0","2550462"
"724","3600.0","2553154"
"725","3400.0","2553863"
"726","3600.0","2556968"
"727","3400.0","2557673"
"728","1400.0","2558078"
"729","3600.0","2559071"
"730","1400.0","2559671"
"731","3600.0","2562424"
"732","3600.0","2568328"
"733","3400.0","2568969"
"734","3600.0","2569898"
"735","1400.0","2570422"
"736","3600.0","2571913"
"737","3600.0","2572939"
"738","3600.0","2574060"
"739","3600.0","2574896"
"740","1400.0","2575353"
"741","2400.0","2576028"
"742","1400.0","2577475"
"743","2400.0","2578117"
"744","3600.0","2579174"
"745","3400.0","2579916"
"746","1400.0","2582133"
"747","3600.0","2582998"
"748","3600.0","2583895"
"749","3400.0","2584856"
"750","3600.0","2585887"
"751","3400.0","2586690"
"752","1400.0","2587192"
"753","3400.0","2587865"
"754","3600.0","2589788"
"755","3600.0","2591572"
"756","1400.0","2592047"
"757","3600.0","2592884"
"758","3600.0","2593655"
"759","3600.0","2594488"
"760","3600.0","2595776"
"761","3600.0","2600737"
"762","2400.0","2601412"
"763","3600.0","2602309"
"764","3400.0","2602982"
"765","3400.0","2603658"
"766","1400.0","2604471"
"767","3600.0","2605951"
"768","3400.0","2606656"
"769","3600.0","2607713"
"770","3400.0","2608452"
"771","3600.0","2610025"
"772","1400.0","2610736"
"773","3600.0","2612214"
"774","1400.0","2612713"
"775","3600.0","2614059"
"776","3400.0","2614736"
"777","1400.0","2615261"
"778","1400.0","2616050"
"779","3400.0","2616755"
"780","2400.0","2617300"
"781","2400.0","2617886"
"782","3600.0","2618655"
"783","3600.0","2620160"
"784","3600.0","2622788"
"785","1400.0","2623291"
"786","3400.0","2623932"
"787","2400.0","2624573"
"788","3600.0","2625566"
"789","1400.0","2625957"
"790","1400.0","2626658"
"791","1400.0","2627241"
"792","3600.0","2627980"
"793","3600.0","2635534"
"794","3600.0","2636303"
"795","3600.0","2637680"
"796","2400.0","2638387"
"797","400.0","2638726"
"798","3600.0","2639687"
"799","3600.0","2640712"
"800","3600.0","2641579"
"801","2400.0","2642252"
"802","3600.0","2644269"
"803","3600.0","2645298"
"804","3600.0","2646067"
"805","2400.0","2647252"
"806","3600.0","2648122"
"807","2400.0","2648667"
"808","3600.0","2650464"
"809","3600.0","2653125"
"810","3600.0","2653993"
"811","2400.0","2654634"
"812","3600.0","2655570"
"813","3400.0","2656243"
"814","3600.0","2657652"
"815","3600.0","2659224"
"816","3600.0","2665167"
"817","3600.0","2666310"
"818","3600.0","2668202"
"819","3400.0","2669003"
"820","3600.0","2671636"
"821","3600.0","2672661"
"822","2400.0","2673303"
"823","3600.0","2674043"
"824","3600.0","2674851"
"825","1400.0","2675384"
"826","3600.0","2676446"
"827","2400.0","2677215"
"828","3600.0","2678068"
"829","3600.0","2679733"
"830","2400.0","2680310"
"831","1400.0","2680802"
"832","2400.0","2681443"
"833","3600.0","2682244"
"834","3600.0","2683493"
"835","3600.0","2684205"
"836","2400.0","2685074"
"837","3600.0","2685884"
"838","3600.0","2690911"
"839","3600.0","2691872"
"840","2400.0","2692545"
"841","3400.0","2693282"
"842","3600.0","2694595"
"843","1400.0","2695460"
"844","3400.0","2696166"
"845","3600.0","2697000"
"846","3600.0","2697769"
"847","3600.0","2698574"
"848","3600.0","2699345"
"849","1400.0","2699944"
"850","3600.0","2702089"
"851","1400.0","2702816"
"852","3600.0","2703588"
"853","1400.0","2704370"
"854","3600.0","2705139"
"855","1400.0","2705552"
"856","3600.0","2706893"
"857","3600.0","2708080"
"858","3600.0","2708822"
"859","2400.0","2709623"
"860","3600.0","2710780"
"861","3400.0","2711485"
"862","3400.0","2712158"
"863","3600.0","2713249"
"864","2400.0","2713858"
"865","3400.0","2714563"
"866","1400.0","2715684"
"867","3600.0","2716425"
"868","3600.0","2717163"
"869","3600.0","2717969"
"870","1400.0","2718432"
"871","3600.0","2719685"
"872","3400.0","2720390"
"873","3600.0","2721456"
"874","3600.0","2722353"
"875","3400.0","2723026"
"876","3400.0","2723795"
"877","3600.0","2724749"
"878","3600.0","2725669"
"879","3600.0","2726376"
"880","3600.0","2727308"
"881","3600.0","2728021"
"882","2400.0","2728826"
"883","3400.0","2729596"
"884","2400.0","2730237"
"885","1400.0","2730756"
"886","3600.0","2731751"
"887","3600.0","2732621"
"888","3600.0","2733518"
"889","3600.0","2734799"
"890","3600.0","2735636"
"891","3600.0","2736538"
"892","3600.0","2737407"
"893","3600.0","2738240"
"894","3600.0","2739009"
"895","3600.0","2739846"
"896","1400.0","2740377"
"897","3600.0","2747066"
"898","3600.0","2747864"
"899","3600.0","2749241"
"900","3600.0","2750331"
"901","3400.0","2751068"
"902","3600.0","2751837"
"903","2400.0","2752480"
"904","2400.0","2753121"
"905","3600.0","2754375"
"906","1400.0","2755196"
"907","2400.0","2755775"
"908","3600.0","2756520"
"909","3600.0","2757549"
"910","1400.0","2758014"
"911","3600.0","2759359"
"912","3600.0","2760824"
"913","3600.0","2761933"
"914","3400.0","2762574"
"915","3600.0","2764467"
"916","3600.0","2765368"
"917","3600.0","2766682"
"918","3600.0","2768763"
"919","3600.0","2769649"
"920","3600.0","2770426"
"921","3400.0","2771099"
"922","3600.0","2772604"
"923","3600.0","2773411"
"924","3600.0","2774336"
"925","3600.0","2775970"
"926","3600.0","2776679"
"927","3600.0","2777768"
"928","3600.0","2785673"
"929","3600.0","2786510"
"930","3600.0","2787509"
"931","3600.0","2788717"
"932","3400.0","2789454"
"933","3600.0","2790415"
"934","3400.0","2791120"
"935","3600.0","2791891"
"936","1400.0","2792415"
"937","3600.0","2793220"
"938","3400.0","2793894"
"939","1400.0","2795354"
"940","3600.0","2796443"
"941","3600.0","2797567"
"942","3600.0","2798369"
"943","2400.0","2798915"
"944","3600.0","2799652"
"945","3600.0","2800518"
"946","3600.0","2801228"
"947","3600.0","2801967"
"948","3400.0","2802640"
"949","3400.0","2803921"
"950","3600.0","2804786"
"951","3600.0","2805835"
"952","3600.0","2806572"
"953","3400.0","2807405"
"954","3600.0","2808431"
"955","3600.0","2809172"
"956","3400.0","2810005"
"957","3600.0","2810985"
"958","3600.0","2812325"
"959","1400.0","2812900"
"960","3600.0","2814067"
"961","1400.0","2814435"
"962","3600.0","2815397"
"963","3400.0","2816043"
"964","3400.0","2816812"
"965","1500.0","2822383"
"966","1400.0","2823222"
"967","2400.0","2823863"
"968","3600.0","2824600"
"969","1400.0","2825347"
"970","2400.0","2825988"
"971","3400.0","2826727"
"972","3400.0","2827400"
"973","2400.0","2828073"
"974","1400.0","2830678"
"975","3600.0","2831447"
"976","1400.0","2831870"
"977","3400.0","2832580"
"978","3600.0","2833573"
"979","3600.0","2835142"
"980","3600.0","2836072"
"981","3600.0","2836841"
"982","3600.0","2838284"
"983","3600.0","2839123"
"984","3600.0","2839958"
"985","3600.0","2845849"
"986","1400.0","2846381"
"987","1400.0","2847176"
"988","3600.0","2847914"
"989","2400.0","2849003"
"990","3600.0","2849777"
"991","2400.0","2850450"
"992","3600.0","2851193"
"993","3600.0","2852286"
"994","3400.0","2852991"
"995","3600.0","2853768"
"996","3600.0","2855147"
"997","3600.0","2856115"
"998","3600.0","2869492"
"999","3600.0","2870325"
"1000","2400.0","2870924"
"1001","3600.0","2871661"
"1002","2400.0","2872238"
"1003","3600.0","2873071"
"1004","3600.0","2874064"
"1005","2400.0","2874743"
"1006","1400.0","2875335"
"1007","1400.0","2876176"
"1008","3600.0","2876984"
"1009","3600.0","2877758"
"1010","1400.0","2878456"
"1011","1400.0","2879215"
"1012","1400.0","2880048"
"1013","1400.0","2880552"
"1014","3600.0","2882381"
"1015","1400.0","2882892"
"1016","3600.0","2885229"
"1017","3600.0","2886126"
"1018","3400.0","2886799"
"1019","3600.0","2888324"
"1020","1400.0","2888943"
"1021","3600.0","2889716"
"1022","3600.0","2890485"
"1023","3600.0","2891227"
"1024","1400.0","2891901"
"1025","2400.0","2892926"
"1026","3600.0","2893772"
"1027","3400.0","2894605"
"1028","3600.0","2895582"
"1029","3400.0","2896319"
"1030","2400.0","2896906"
"1031","3600.0","2897739"
"1032","3400.0","2898447"
"1033","3600.0","2899765"
"1034","3600.0","2901910"
"1035","3600.0","2902679"
"1036","3600.0","2903928"
"1037","3600.0","2904762"
"1038","3400.0","2905499"
"1039","3600.0","2906211"
"1040","1400.0","2907079"
"1041","3400.0","2907786"
"1042","3600.0","2908948"
"1043","3600.0","2909909"
"1044","3600.0","2910779"
"1045","3600.0","2911613"
"1046","3600.0","2912358"
"1047","3400.0","2913095"
"1048","2400.0","2913642"
"1049","3600.0","2914412"
"1050","3400.0","2915149"
"1051","3600.0","2916098"
"1052","3400.0","2916839"
"1053","3600.0","2917520"
"1054","3600.0","2918361"
"1055","1400.0","2920520"
"1056","3600.0","2921450"
"1057","3600.0","2922419"
"1058","3400.0","2923092"
"1059","3600.0","2923893"
"1060","3600.0","2924726"
"1061","3600.0","2925591"
"1062","2400.0","2926266"
"1063","3600.0","2927177"
"1064","3400.0","2927854"
"1065","3600.0","2928591"
"1066","1400.0","2931678"
"1067","1400.0","2932110"
"1068","3600.0","2933170"
"1069","3600.0","2934739"
"1070","3600.0","2936469"
"1071","3600.0","2937366"
"1072","2400.0","2938039"
"1073","3600.0","2939100"
"1074","3600.0","2955653"
"1075","3400.0","2956327"
"1076","3600.0","2957264"
"1077","3600.0","2959089"
"1078","3400.0","2960086"
"1079","1400.0","2961149"
"1080","3600.0","2961950"
"1081","3400.0","2963075"
"1082","1400.0","2965287"
"1083","3600.0","2966408"
"1084","3600.0","2967154"
"1085","2400.0","2967795"
"1086","3600.0","2968760"
"1087","3600.0","2969562"
"1088","3600.0","2970304"
"1089","3400.0","2970977"
"1090","1400.0","2971537"
"1091","1400.0","2972262"
"1092","3600.0","2973482"
"1093","3600.0","2974294"
"1094","3600.0","2975192"
"1095","1400.0","2975681"
"1096","1400.0","2976121"
"1097","1400.0","2976583"
"1098","3600.0","2977352"
"1099","3600.0","2978281"
"1100","1400.0","2978674"
"1101","3600.0","2979445"
"1102","3600.0","2980342"
"1103","3600.0","2981240"
"1104","2400.0","2981881"
"1105","3400.0","2982586"
"1106","3600.0","2983393"
"1107","3600.0","2984199"
"1108","3600.0","2985313"
"1109","3600.0","2986281"
"1110","3600.0","2987018"
"1111","1400.0","2987793"
"1112","100.0","2988179"
"1113","3400.0","2988920"
"1114","3600.0","2989885"
"1115","3600.0","2991751"
"1116","2400.0","2992426"
"1117","3600.0","2993356"
"1118","3600.0","2994157"
"1119","3600.0","2994960"
"1120","3400.0","2995697"
"1121","3600.0","2996408"
"1122","2400.0","2997081"
"1123","3600.0","2997852"
"1124","3600.0","2998687"
"1125","3600.0","2999456"
"1126","2400.0","3000136"
"1127","3600.0","3001385"
"1128","1400.0","3001841"
"1129","3600.0","3010490"
"1130","2400.0","3011035"
"1131","3600.0","3011840"
"1132","3400.0","3012961"
"1133","3600.0","3013642"
"1134","3400.0","3014380"
"1135","3400.0","3015149"
"1136","3400.0","3015795"
"1137","3400.0","3016468"
"1138","3600.0","3017206"
"1139","3600.0","3017949"
"1140","3600.0","3019718"
"1141","3600.0","3020583"
"1142","3400.0","3021288"
"1143","3600.0","3022078"
"1144","3600.0","3022926"
"1145","1400.0","3023422"
"1146","3600.0","3024325"
"1147","1400.0","3024768"
"1148","3400.0","3025539"
"1149","3600.0","3026341"
"1150","1400.0","3026935"
"1151","3600.0","3028216"
"1152","3400.0","3028953"
"1153","3600.0","3030426"
"1154","3600.0","3031234"
"1155","3600.0","3032067"
"1156","3600.0","3032872"
"1157","3600.0","3033738"
"1158","3600.0","3034637"
"1159","1400.0","3035287"
"1160","3600.0","3036029"
"1161","3600.0","3037758"
"1162","3400.0","3038495"
"1163","3600.0","3039328"
"1164","3600.0","3040528"
"1165","3600.0","3041361"
"1166","3600.0","3042230"
"1167","3400.0","3043801"
"1168","3400.0","3044476"
"1169","3400.0","3045184"
"1170","3600.0","3046630"
"1171","3400.0","3047367"
"1172","3600.0","3049169"
"1173","3600.0","3050034"
"1174","3600.0","3050810"
"1175","3600.0","3051585"
"1176","3600.0","3052388"
"1177","2400.0","3053068"
"1178","3600.0","3053806"
"1179","3600.0","3054610"
"1180","3600.0","3055763"
"1181","3600.0","3056596"
"1182","3600.0","3057368"
"1183","3600.0","3058175"
"1184","1400.0","3058951"
"1185","3600.0","3059912"
"1186","3600.0","3060746"
"1187","3600.0","3061581"
"1188","3400.0","3062318"
"1189","3400.0","3062991"
"1190","2400.0","3063857"
"1191","3400.0","3064564"
"1192","3600.0","3065527"
"1193","3400.0","3066232"
"1194","1400.0","3066827"
"1195","3600.0","3067535"
"1196","3400.0","3068304"
